timestamp,emg_ch1,emg_ch2,acc_x,acc_y,acc_z,gyro_x,gyro_y,gyro_z,mag_x,mag_y,mag_z
1709915438.445223,-0.5100419102718937,-0.7054236601846764,139.4214235701651,139.81310804834905,148.33156139445754,191.38686446780926,185.84804839406593,205.70012962696234,1.0126929674099487,1.1020926243567755,1.5404312668463611
1709915438.6460412,-0.3309926861166286,-0.5917685406476337,134.8166545286017,142.47028105137713,131.65672172934322,183.51675507827667,191.7919523871134,191.1451675507827,0.6545916795069335,1.0031741140215718,1.6320650294015906
1709915438.8458662,0.05445988533487482,-0.2777155781660628,126.458740234375,121.11808268229167,139.669921875,198.73074253990282,208.3046495489244,213.90712468193385,-1.7637465564738288,-0.3835812672176308,-0.40545763760049436
1709915439.0456347,0.5293771593596199,0.18237537876265394,144.5465617629717,151.63235185731133,129.02146594929246,187.72922367852513,186.60967881319317,179.78971626098232,0.643927958833619,0.6819210977701545,-0.5386792452830189
1709915439.2454526,0.9280589297989138,0.7008236927254153,143.98543901585822,149.26057456856344,139.76897009095148,219.33621966503358,220.02609091944856,216.05332118035776,-0.4915468113975575,-0.4573948439620083,-0.7690070057873891
1709915439.4452612,1.1056707174595954,1.178267718401513,148.47161347987287,137.08789890095338,141.75110070180085,189.91163151766065,209.72583775391385,208.15603570966488,1.005300462249615,1.1397226502311248,-0.7162746454514007
1709915439.6461713,1.0033622857191073,1.5245205022559258,135.38519694010418,130.42794596354167,122.65955403645833,189.19681933842242,174.62264631043257,184.4706106870228,0.33856060606060595,-1.4322727272727271,0.29005102040816344
1709915439.845029,0.6592509170552039,1.6817955397130164,125.43907620614036,131.4996487801535,131.56579804002192,175.79657158162576,195.52417302798986,172.139279496451,-1.3517862838915462,0.038133971291865805,0.423845327604726
1709915440.0460508,0.17626819727983295,1.6477234018372582,131.67412109375,126.06318359375,132.74140625,203.0546842470506,197.88230395558637,184.73185287994443,0.4447438016528923,0.5645785123966941,-1.138905380333952
1709915440.2459166,-0.319712999633485,1.4759558179298593,117.26749674479167,124.792724609375,122.34375,179.7473976405274,186.23317140874389,171.57610455702056,0.8165426997245181,0.519421487603306,0.2763141620284476
1709915440.4457388,-0.7213400939104083,1.2475472380193073,132.00941553655662,140.92198555424528,146.8603884139151,202.62177732968453,176.90349992798497,181.54587354169666,0.0012178387650085413,1.6949399656946829,2.4628032345013486
1709915440.6453855,-0.9687406866884147,1.0351844973927675,127.20796966552734,140.79767608642578,144.37952423095703,209.12631202290075,214.8327767175572,208.28196564885494,-0.20507102272727284,0.15376420454545464,-0.11352040816326536
1709915440.8460996,-1.0500865938470607,0.8789087468460047,141.69967215401786,137.11400495256697,133.41667829241072,197.65076335877862,198.35441657579062,193.44329334787352,-1.234188311688312,-0.9960064935064937,-0.7043731778425658
1709915441.0459316,-0.9942466434954181,0.7819719026610276,161.52032829733457,154.81886201746323,144.52184340533088,191.5967669510552,183.25987876066458,190.16647956892683,-0.5991443850267378,0.15517379679144386,-0.004996998799520114
1709915441.2457707,-0.867206126059291,0.720310191948596,144.86690190153303,140.76673054245282,143.65121056898585,202.34495174996394,206.61760046089577,208.58490566037736,-0.3478730703259007,1.2021612349914244,-1.0835194455140549
1709915441.4456182,-0.7481460988823595,0.6502311377964914,145.83528645833334,135.4017578125,138.97783203125,206.00610687022902,197.41844783715013,206.25394402035627,0.9844848484848487,-0.6531363636363634,-1.1833673469387755
1709915441.645446,-0.6966168829475112,0.5165670919471509,127.95419921875,137.19013671875,127.05302734375,187.4079111727966,197.9675225537821,185.54420541290773,-0.3019834710743803,-0.23241322314049584,0.115621521335807
1709915441.8454075,-0.7311129470213461,0.2735307752785811,111.58015950520833,110.20418294270833,119.17415364583333,168.99803377284294,191.15567892667133,195.97501734906322,0.8461157024793391,-0.014944903581267325,-1.4104050711193563
1709915442.0452697,-0.8180498902004276,-0.08965381450529941,123.00751139322917,124.76743977864584,138.27896321614583,198.3748091603053,206.83295165394404,201.6127226463104,-1.0257424242424242,-0.7850000000000003,-0.7472108843537413
1709915442.2461298,-0.8891248565932716,-0.5483835249904416,136.28369140625,146.96572265625,141.186640625,193.61984732824422,160.54564885496183,169.56473282442752,-0.471181818181818,0.6170181818181827,0.4136938775510196
1709915442.4459584,-0.8745155753077951,-1.0626279448282896,133.31783571105072,138.00314198369566,153.60897163722825,195.60769996681051,212.46985285982961,194.71611903971683,0.27472990777338613,0.3381818181818181,1.2730848861283643
1709915442.6457613,-0.7227140312302415,-1.579857343383412,139.65154925847457,141.401706501589,141.0939155190678,199.54172596713673,184.03907361883807,193.66295769181002,-0.14439137134052352,-0.06790446841294301,-0.4482531995849188
1709915442.8455641,-0.42261003602145547,-2.0307664217412573,132.63752948113208,140.96383954893867,145.23010944870282,191.8447357050267,205.9145902347689,202.3822555091459,-1.0600686106346482,-0.3219897084048026,0.6343280708509819
1709915443.045408,-0.025216499467893325,-2.351283621617691,146.70698023554104,145.32372318097015,124.84013526119404,184.32721886749457,186.38373020394215,189.13182180699556,-0.028263229308005584,0.9725237449118044,-1.115641181845873
1709915443.2452297,0.36968868606335087,-2.515887736419644,143.36907441737287,140.1692680746822,121.90408997616525,197.38103247509378,177.5289170655971,186.84551688446115,0.346070878274268,-0.9982434514637899,-1.211604980975442
1709915443.4460862,0.6603468146993443,-2.544239133151402,150.415234375,142.38232421875,137.45966796875,209.69729354614847,213.69063150589864,207.86925746009723,-0.07809917355371905,0.35348760330578505,-0.9128571428571423
1709915443.6457925,0.7873871888767889,-2.48321262404886,112.33863397854478,120.79161322294776,140.3852830573694,198.41665717215443,223.87239375640883,228.3613991113136,-1.711831750339213,-1.8825373134328354,-0.438836430094426
1709915443.8455775,0.7560558529733734,-2.384364151686017,126.51767578125,131.83076171875,125.4169921875,184.78667591950037,187.50076335877864,177.48521859819567,-0.32272727272727275,0.03798347107438021,0.5252133580705006
1709915444.045284,0.6332316620142646,-2.2712454776921027,148.5157510080645,144.0539314516129,145.99679466985887,190.99125831076086,189.4393006648608,187.98214725437083,0.14574780058651035,-0.32491202346041087,1.0863890717577351
1709915444.2451258,0.5148436502754123,-2.112839077914995,126.92319421600877,136.75446306195175,136.10936643366227,198.65689031739652,198.56207312173558,180.17677782241861,-0.6955342902711322,0.007671451355661707,1.3383100608664515
1709915444.445816,0.48641986266495907,-1.8408447033401059,134.30054498487902,132.76493195564515,135.00649729082662,191.10563900517104,179.51649839940904,169.36013297217434,1.0587976539589445,1.4055278592375366,2.00600724160632
1709915444.6454902,0.60304208641619,-1.3959594904014903,131.7817014298349,148.16475346403303,142.3938679245283,207.3383263718853,205.39579432521955,191.9550626530318,-0.4534819897084051,-0.726483704974271,-0.5328840970350401
1709915444.845246,0.8701180840906576,-0.7632926879057101,128.88972981770834,122.76749674479167,130.39412434895834,180.3372657876474,177.00023132084198,185.86907240342347,-0.05681818181818203,0.21297520661157038,-0.36405380333951703
1709915445.0460777,1.2176364472660357,0.009458730340312315,130.87283423639113,132.57295866935485,134.68873645413308,209.4995075104653,215.5504801772961,223.5753508987934,-0.7756598240469204,0.10109970674486803,-0.32870309414088245
1709915445.2458582,1.5057429782172438,0.8152949165787869,144.62226733826753,139.99964021381578,139.29395387883773,195.909334404714,209.12535154680603,211.70389714744877,-0.5877830940988835,0.09948963317384364,-0.8827604726100964
1709915445.4457655,1.5831012195446912,1.5257479026869953,148.60518315153303,149.77932451356133,124.15870061910377,191.88477603341497,184.50108022468675,200.8576984012675,1.0831732418524875,-0.24334476843910804,0.00017327685791316503
1709915445.645468,1.3602769698649206,2.040682369065941,142.19354051159274,135.02659557711692,151.77253969254033,217.258064516129,207.2494459492736,204.34634326520552,0.07165689149560113,0.7363049853372432,0.07799539170506894
1709915445.8452249,0.8464887291903535,2.3132130106852378,124.76796875,112.7556640625,121.3607421875,190.33129770992372,202.50062456627344,195.95405968077725,0.4684132231404962,-0.3863140495867769,-0.804972170686456
1709915446.04604,0.14194731596959007,2.3471292595960964,140.50740559895834,147.56534830729166,139.732666015625,189.55123756650477,190.70911404117516,180.2276197085357,0.5063498622589532,0.41632231404958664,0.35681818181818187
1709915446.2457447,-0.6035371705528546,2.181684169718765,122.996142578125,128.47447916666667,131.631787109375,179.2089058524173,186.96933842239181,174.37900763358772,-0.7275909090909091,-0.7028484848484847,0.09078231292516989
1709915446.4454677,-1.2437176867267472,1.874646419388301,134.33550449587264,132.27817290683961,143.99546727594338,216.30923232032262,184.28503528733972,197.79432521964566,0.8381132075471697,0.8267066895368782,1.7206777050442814
1709915446.6453912,-1.6663644861064448,1.4931821845379618,122.83749389648438,130.75171661376953,133.1696319580078,176.19167461832063,174.575143129771,187.99582538167937,0.9248011363636368,0.9716619318181817,1.031919642857143
1709915446.8456073,-1.8099203069643954,1.105692494717132,136.03994140625,146.1443359375,141.48203125,196.61429562803602,190.62012491325464,195.36099930603746,-1.9228595041322318,-0.033685950413223316,0.7438775510204081
1709915447.0454636,-1.6870209835951064,0.7591200510888242,130.85327866498162,141.9487735523897,153.82686839384192,218.4609339919174,221.8750561293219,216.9462281095644,-0.45053475935828874,-0.007967914438502532,0.5274459783913565
1709915447.2453876,-1.3845257419602666,0.4656466176668661,154.60359700520834,156.79034830729168,138.3255126953125,190.66972010178114,199.98015267175577,205.97989821882956,0.4350454545454545,-0.2630303030303032,-1.2520578231292514
1709915447.4452806,-1.0213437832596863,0.22449769806594613,149.187744140625,137.70506184895834,139.05257975260417,202.15877862595414,205.9977099236641,191.6795165394402,1.0235,-0.08959090909090928,-0.7543537414965988
1709915447.6460822,-0.7011904158292163,0.0390352501144465,140.93505859375,138.96510667067307,128.25483586237982,190.19627128596596,199.74324721080453,209.63784497944806,0.9268181818181814,0.526590909090909,-0.6197605965463109
1709915447.846059,-0.48513183047398817,-0.10199604605787524,120.29419320913462,115.76206430288461,111.01930588942308,163.8477980035232,175.81268349970637,180.9067527891955,0.6194125874125874,0.02984615384615387,0.9689324960753533
1709915448.0458992,-0.375850804237548,-0.23721146020858933,128.78234649122808,123.98200212445175,131.9484649122807,195.25271193250308,188.5461363331994,181.01419579483056,-0.207049441786284,-0.6934928229665072,0.9974758324382385
1709915448.245554,-0.3190585304892516,-0.4025816397484885,118.97768082157258,119.06205897177419,121.4891869329637,181.2733316917016,201.87207584338836,212.0009849790692,1.3021994134897363,0.23041055718475079,-0.314944042132982
1709915448.4453053,-0.23606115054738933,-0.5891140903712029,131.4396484375,139.2474609375,141.17314453125,198.27272727272717,204.19097848716166,186.54184594031923,-0.41533884297520646,1.1310413223140492,1.3444712430426715
1709915448.6460989,-0.06781413357651951,-0.739897880833613,135.36923993644066,121.11790750794492,141.29209977489407,209.0740069866736,202.5960667615475,191.19239228878246,-2.112480739599383,-1.1225269645608635,1.329055690072639
1709915448.846054,0.2080004381661308,-0.7891157263434335,147.64515799906715,151.24876107742537,157.53470440764926,222.865557707645,203.5189700353195,185.23162811894724,-1.0254681139755766,-0.1972048846675712,0.04533962838866886
1709915449.045858,0.5788626629066815,-0.7030218822776202,122.83695162259616,132.18895545372595,144.55961726262018,206.66837933059304,208.67043452730474,196.4992660011743,-0.32183566433566424,-1.3784965034965035,0.8377747252747254
1709915449.2456312,0.9917357895186945,-0.4931708733570477,147.7582275390625,136.68401692708332,136.9805908203125,197.2318066157761,193.2807888040712,195.56781170483458,0.27743939393939365,0.8413636363636363,-1.0178741496598638
1709915449.445362,1.3597169399167996,-0.19806088192673446,145.39906412760416,145.74979654947916,134.8885498046875,189.51539440203564,198.13346055979648,186.82353689567427,0.016757575757575437,0.46784848484848485,0.11853741496598644
1709915449.6460702,1.5934119972207392,0.14674363987648806,134.95685514856558,138.44146228227459,125.21950243340164,178.56313352521585,173.44437492178696,193.8589663371292,0.981013412816691,1.2586140089418776,0.8246068919371028
1709915449.8458436,1.633858106173769,0.5200491763624667,130.01839717741936,122.47876764112904,124.06869802167338,177.37306082245743,174.0719034720512,203.85028318148247,1.3826832844574781,0.3176979472140761,-1.4685154707044106
1709915450.0455904,1.4744012100298083,0.9005548972318663,145.22024356617646,130.1395814185049,131.39083563112746,200.28738212842384,192.3050441550667,180.1151025295614,1.5723172905525853,0.652638146167558,1.321888755502201
1709915450.2453265,1.1650437297519323,1.2495357630036974,116.45271809895833,117.32185872395833,137.002685546875,209.70182743465182,218.99930603747399,219.9592875318066,0.49617079889807186,-1.3907575757575765,-0.9044836116264693
1709915450.445292,0.7953281276385659,1.5160801417354055,139.51729252653303,128.96876842570754,128.83601120283018,185.61212732248305,181.26458303327095,195.7408901051419,-0.6270154373927961,0.032572898799313584,0.9592991913746636
1709915450.6451967,0.4602101098334879,1.6653504762334752,143.3668407495471,150.25297214673913,152.41627745697463,208.6528377032857,203.20223476048236,193.7164509348379,-0.9785638998682477,-0.38678524374176526,0.20344572611653403
1709915450.8460524,0.22087287694439506,1.7013771274599787,131.89269018954917,127.00217725409836,129.61455398309425,197.26967838818678,203.03366287072956,179.35514954323614,-0.888703427719821,-0.14949329359165425,-0.36758113081298116
1709915451.045905,0.08496508565119502,1.650386153914711,117.47373744419643,137.5312238420759,138.048095703125,205.24263904034893,196.39899127589962,200.09637404580147,-0.30501623376623394,-0.35715909090909076,0.4010932944606414
1709915451.245721,0.013115161788385232,1.527204871331674,119.85287837658899,114.96354442531779,91.84954316737289,153.76180618449993,153.7260965196015,195.48324492172333,0.26385208012326666,0.83306625577812,-1.9160843998616397
1709915451.4454086,-0.0589233543661468,1.338922307421853,125.96265520368304,132.19417898995536,133.37294224330358,175.5527535441658,151.8157033805889,183.19792802617226,-0.7451136363636361,-1.9108603896103893,0.14619169096209925
1709915451.6460447,-0.18964180519083693,1.1066235442827739,106.01126922123017,116.70059833829364,113.98836650545636,166.58233369683754,183.1920513752575,180.95310796074153,2.110086580086581,0.6862626262626264,-2.0354713313896986
1709915451.8456757,-0.4152739073649838,0.8545988496538374,103.22491339917453,109.27904812794812,99.48572007665095,142.8247155408325,167.91689471410058,157.36655624369868,-0.5473070325900513,-0.037598627787307215,1.116865614170196
1709915452.0456538,-0.7579801835387383,0.5840196612028182,121.99263763427734,124.28533935546875,111.17634582519531,159.1358540076336,152.575858778626,159.48711832061073,3.3309090909090906,3.48646306818182,3.2850924744897965
1709915452.245264,-1.2149701113446125,0.2844628023411187,138.2029044858871,125.89209771925404,132.41546433971774,198.75843388328002,170.6917015513421,174.87552327013054,2.952859237536658,1.1503958944281523,0.3511356155365371
1709915452.4451816,-1.7137639304062202,-0.022964318951801847,107.20255253232759,117.45930428340517,115.74472151131465,165.65477757304555,168.59936825480386,189.75598841800473,3.3316300940438865,1.5795141065830718,0.08478184377199159
1709915452.6459627,-2.1070324939693093,-0.28902680290346994,124.25032818903688,122.83878714139344,126.03555648053279,194.67626079339257,191.71568014015773,204.73895632586655,1.1555290611028317,0.7011922503725782,2.703362328537972
1709915452.8456101,-2.2358245646066552,-0.4935307309529271,135.6113517515121,138.95321163054436,139.29288999495967,193.19982762866283,221.0036936715095,226.1530411228761,-0.8323460410557184,0.8655278592375373,1.4011520737327186
1709915453.0454297,-1.9993520934987488,-0.6657369533382752,123.36837670110887,120.65736044606855,137.67878969254033,197.2792415661167,216.9017483378478,207.6563654272347,0.7507478005865106,-0.35240469208211167,0.7453752468729427
1709915453.2451925,-1.3933172414730481,-0.8557041555672205,166.21490119485293,165.38448797487746,165.05021637561273,218.9380332285585,195.9407274360126,174.63119293518932,-1.2043850267379674,2.0372905525846705,0.748839535814326
1709915453.446055,-0.5115269326289219,-1.1035338848774634,141.56766419491527,142.7482123940678,158.75516419491527,231.35140380385567,213.76633458403413,211.63591667744862,0.29542372881355955,0.5213097072419106,0.5344171566931858
1709915453.6458228,0.48629903338476266,-1.4129430279153485,149.73836263020834,170.95621744791666,165.57259114583334,245.86328938237338,228.6216747628961,223.52891510525095,-1.874077134986226,-3.877176308539945,-4.12070191713049
1709915453.8455117,1.413403026348923,-1.7486877161132668,129.2464644820602,140.89059787326389,143.70176866319446,215.7605315238902,221.2100650268589,228.2793327678824,-3.637441077441078,-4.346195286195286,-6.499603174603175
1709915454.0453,2.0840621197648876,-2.060784362286253,156.05501302083334,163.43351236979166,152.79622395833334,192.3453620171177,203.97744621790423,179.6071015498496,1.9706611570247934,0.5133333333333334,1.2247371675943104
1709915454.2452323,2.349582199518411,-2.295673095090953,132.8005859375,129.57529296875,123.1857421875,162.86481609993064,197.93893129770993,194.0216516308119,2.168628099173554,2.0613057851239667,2.850222634508349
1709915454.44601,2.1634815146399315,-2.3779448522328317,146.53824869791666,144.6025390625,138.735107421875,189.2792042563035,207.32153597039098,211.3849178811011,0.5422727272727276,3.0270385674931126,4.213559059987632
1709915454.645708,1.63595099585548,-2.198334260651324,152.93850528492646,159.41046262254903,158.4972713694853,208.27376141296207,182.02050591228863,201.72728633438106,1.9229946524064179,1.0439572192513367,-1.157042817126851
1709915454.845345,0.9878902989111733,-1.674182818556247,147.42594401041666,146.33439127604166,146.12532552083334,222.1216747628962,236.62745778394628,243.26185519315297,-0.9463911845730029,-0.9225206611570247,-1.0103896103896106
1709915455.0460835,0.4125248603071019,-0.8534907361132497,165.09527784778226,158.60595703125,171.14217647429436,245.42107855208081,214.43043585323812,231.94668800787983,1.285073313782992,0.5949413489736074,0.5022712310730745
1709915455.245798,-0.010550097101977275,0.07875575581475697,146.80461090686273,149.07700482536765,150.0390625,253.67549767998807,268.2325999101932,255.12423289926656,2.3554010695187175,1.2597326203208556,-1.9925570228091234
1709915455.4455414,-0.2811040280708821,0.9126640159297328,149.048828125,142.11775716145834,140.91292317708334,199.29331482766594,201.2469349988434,197.5746009715476,1.7671212121212123,-0.7121212121212123,0.10901360544217696
1709915455.6453674,-0.42061169006389487,1.5001717252947613,143.264716796875,162.241328125,166.892587890625,235.12351145038167,239.60931297709925,239.9112977099237,-1.1692000000000007,-0.941618181818182,-0.44561224489795875
1709915455.8452697,-0.45755441785840983,1.7671633730866272,139.92054461050725,150.6060631793478,152.14141757246378,190.83648633698414,200.91603053435117,188.80927093705054,0.47303030303030325,0.3634123847167327,0.47190180419994054
1709915456.0460703,-0.4179578159203719,1.7204438549840821,142.26144564353814,153.18024198887713,158.83017743644066,233.8640186311296,241.51274421011772,180.62116703325148,1.0584745762711865,0.025038520801232443,3.813593912141129
1709915456.2458112,-0.31729653219116916,1.442273742481456,161.83479510613208,155.16470739976415,157.28213443396226,233.11104709779636,221.90090738873687,214.79346103989624,1.2781303602058316,1.794631217838765,1.3075086638428952
1709915456.4454713,-0.18306066626658254,1.0378986630549423,146.60340881347656,152.64781951904297,150.15689086914062,190.25357824427485,216.25572519083963,211.13454198473278,1.1681960227272727,0.6573011363636362,1.084375
1709915456.6453748,-0.06626106285839757,0.5830007151484217,159.76966513356854,145.48038999495967,159.1438460811492,251.2503078059591,239.29623245506033,208.2387343018961,-0.48155425219941406,1.8081818181818174,2.7619157340355494
1709915456.845153,-0.0142946458836925,0.11035781789566866,135.7570082720588,125.89462699142157,151.0270278033088,178.68866936087414,189.43436611285733,244.6418200868133,-0.3177540106951874,1.3675222816399288,1.0391356542617047
1709915457.0458782,-0.05802977656032788,-0.3863421226899126,137.48610552619485,151.17394301470588,148.4475600298713,220.96778176919625,221.75639874270308,227.99607094746287,2.1618181818181816,1.4379679144385027,-0.5880702280912365
1709915457.2456157,-0.2259943612578304,-0.9369157253588045,158.0159423828125,155.77574869791667,142.9543212890625,183.38409669211197,192.70725190839696,194.3008905852417,2.153166666666666,1.2371969696969698,-2.2374659863945583
1709915457.4453697,-0.5425596236048672,-1.5516734055778796,151.9935546875,135.991015625,144.68193359375,198.86981263011793,221.90742539902848,236.34614850798062,1.1691570247933887,1.5145785123966946,-1.229146567717996
1709915457.6453125,-1.0029932922129317,-2.1867864855313774,132.34234816028226,126.89389333417338,147.28343151461692,198.7544939670032,191.1194287121399,211.9789460723959,-0.3424633431085043,-0.8337096774193552,0.4562541145490453
1709915457.8451447,-1.5430055411193924,-2.7587524158557195,144.10889543805803,132.87112862723214,120.27725655691964,200.3758178844057,183.13699563794984,187.95556161395854,2.4706006493506494,-0.012353896103896197,0.4411443148688045
1709915458.0459375,-2.020015224387722,-3.1823369287435095,133.27068988347457,148.83721199682202,130.15445411811442,185.01345581575885,186.62194333031445,201.93090956139216,2.7039907550077036,0.3620338983050848,2.3023175371843654
1709915458.2458053,-2.249812479961602,-3.3971059298698085,129.7509765625,127.60017903645833,141.01993815104166,212.5914873930141,214.1785796900301,209.38098542678696,0.11508264462809928,0.2010192837465565,2.16756338899196
1709915458.4456575,-2.096268465572275,-3.3741901802159386,156.7552854303728,153.366973341557,132.23360402960526,186.19619659836613,190.64711396812638,197.10097763492703,1.4506379585326952,2.494465709728868,3.2105621195846767
1709915458.6454985,-1.5309842099782425,-3.106690133810172,144.16059221540178,143.38945661272322,128.5399169921875,204.66384950926934,211.45338058887683,227.19792802617232,-0.5750162337662338,-0.9318344155844152,-0.716946064139942
1709915458.8451607,-0.6357971078057182,-2.610922748666491,135.00044025358608,151.3945152407787,155.6129370517418,189.2629207858842,181.8484545113252,153.55612564134654,2.095037257824143,1.293397913561848,1.9810806289729004
1709915459.0459857,0.4238961175733828,-1.937631102006026,144.04890389278017,144.67009866648706,155.0689065867457,222.96617530929186,203.6360884443275,220.2229534087917,0.1102194357366771,-0.0880564263322886,0.9648311048557354
1709915459.2457263,1.45546415009762,-1.160798368701579,132.61612955729166,119.80192057291667,139.62369791666666,253.62549155678923,205.84154522322453,212.66840157298168,0.3144077134986231,1.760592286501377,1.868259121830551
1709915459.4456272,2.2996045732133275,-0.3581884397355771,164.81753743489583,162.400634765625,160.2849609375,208.4005089058525,229.4614503816794,191.7117048346055,1.4176363636363638,0.7155757575757578,1.3028741496598644
1709915459.645458,2.8532058826122473,0.3970640098781621,152.502227247807,161.17230331688597,171.55509868421052,239.90531672693172,220.95232355698406,221.99946430962902,1.2516586921850072,2.120462519936204,2.3174364482635155
1709915459.8451958,3.0663500232407768,1.0545343389369843,155.84408864667338,148.71309538810485,171.30374243951613,241.8368628416646,215.61204136912087,197.36628909135683,1.7256891495601177,2.042243401759531,2.8253620803159976
1709915460.0459056,2.9428349653617665,1.6110785129888743,129.762109375,130.815380859375,118.3930078125,190.07221374045804,198.07526717557252,206.60076335877864,2.550581818181818,1.615781818181818,0.49212244897959223
1709915460.24565,2.531855767106856,2.1019094259502844,156.61096754807693,164.78610276442308,157.68121995192308,206.18355842630655,203.9762771579565,191.04357017028772,2.4745734265734267,3.5046993006993006,4.122386185243328
1709915460.4453235,1.9029452333681642,2.55713882642472,130.244140625,127.331640625,134.9451171875,186.12879944482995,184.28799444829974,185.47133934767527,3.1517520661157024,4.288297520661159,0.6215769944341372
1709915460.6461055,1.13710044221477,2.967862796768479,168.63060282044492,124.8118544756356,127.68338685116525,188.92948635011,209.25708371069993,199.41376633458395,0.3631587057010788,0.3772419106317413,1.8750259425804217
1709915460.8458397,0.331051063682418,3.2846852490109177,145.08072916666666,153.281982421875,144.24210611979166,193.2907702984038,210.17140874392783,203.91568355308806,1.7241597796143242,0.409573002754821,0.058858998144712515
1709915461.045576,-0.4250523432523295,3.4403267070923564,143.16563678609913,128.89677060883622,153.36673289331895,228.6020005264544,222.35772571729404,233.2579626217425,0.18114420062695916,0.6654231974921629,-1.4548557353976077
1709915461.2452419,-1.0804583414080442,3.386525902922592,148.82610566737287,141.19851529396186,136.53667902542372,219.04890671496963,223.43537326950448,223.30094449475996,0.7377503852080122,-1.3293836671802772,-1.0038740920096847
1709915461.4459958,-1.618124794063727,3.129571641850078,152.47953156502015,157.3148153981855,158.84349798387098,238.46367889682347,242.87490765821232,224.1662152179266,-0.2081085043988271,-0.44592375366568904,0.628604344963792
1709915461.645774,-2.0190065963396826,2.7329930444703003,150.57667858195754,129.48226525648585,150.93127211084905,221.3304047241826,223.38355177876997,232.69393633875853,1.220222984562607,0.7609605488850777,1.1232190989603392
1709915461.8455136,-2.243285763547987,2.2917933754680244,144.41665354082662,141.0421339465726,128.5368416078629,210.19244028564393,197.20758433883282,177.54666338340311,2.8496774193548386,1.8208651026392961,2.8121626069782746
1709915462.045245,-2.24664152016282,1.911188235432963,117.32177734375,123.26375325520833,117.3876953125,173.3041869072404,180.15671987046028,175.99097848716173,0.15236914600550963,0.34696969696969704,0.9743042671614098
1709915462.2459905,-2.0167457038858885,1.676436149054137,120.0923560357863,121.90536006804436,128.78243920110887,217.22876138882043,215.7059837478454,227.1359271115489,0.32303519061583585,1.2365542521994133,0.4357472021066493
1709915462.4456666,-1.6005147684726488,1.607563575862623,124.43911224941037,134.1428545106132,156.7968105100236,206.38355177877,194.41163762062507,184.1109030678381,1.5378387650085767,0.7832418524871356,1.132306507508664
1709915462.6454213,-1.0917272748169509,1.650872199885097,131.01239604334677,132.29097624747985,144.48543819304436,198.54752524008862,213.2344250184684,214.9003939916277,-0.4331085043988269,2.6457038123167167,3.409825543120474
1709915462.846089,-0.5850730702422456,1.7228235453236926,160.032421875,143.17861328125,137.35244140625,182.07911172796673,181.05746009715477,180.78917418459403,-0.5076033057851236,-2.055239669421486,0.33894248608534333
1709915463.0457792,-0.1547504821656783,1.7484353538298636,154.32291666666666,159.44417317708334,171.82552083333334,238.5447605829285,187.61959287531806,184.03562340966923,1.904449035812672,2.9516804407713497,2.428184910327767
1709915463.24552,0.12461454692488388,1.6607473422942882,138.29755859375,136.42783203125,132.938671875,200.66953504510758,216.45121443442062,204.0763358778626,0.4282644628099172,-0.5036033057851241,1.6808534322820035
1709915463.445197,0.18509109920644948,1.3994675543089874,167.65423583984375,165.42942810058594,139.06029510498047,197.10460400763358,203.9246183206107,204.3410066793893,2.043295454545454,1.9480965909090908,1.0898596938775513
1709915463.6460862,0.022837728916332303,0.9356166948598097,169.08703399122808,147.91766892817984,146.7626953125,228.2924869425471,232.81799919646454,239.2891388777287,2.2654704944178627,-0.031897926634768814,0.16086645184389536
1709915463.8457625,-0.27653095222052865,0.29249351432937093,129.15876228578628,155.14645287298387,160.29802482358872,234.56981039152916,238.12361487318393,229.30017237133706,1.6411290322580654,1.7278299120234604,2.6122284397630025
1709915464.0455887,-0.5780927104836086,-0.4619028188883312,152.19266046262254,153.19610715379903,146.92024739583334,232.99356383774875,225.07289327944918,242.20221523723995,2.3517647058823528,-0.6531372549019605,-3.195518207282913
1709915464.245622,-0.7478761931228521,-1.2434272328336506,129.76139322916666,144.56941731770834,158.27880859375,216.40504279435567,199.84848484848487,203.61797362942403,-0.15808539944903616,0.25982093663911804,1.4368429189857765
1709915464.4454951,-0.6907055743822536,-1.973121273098466,125.34434772359914,127.44509361530173,126.45394160829741,177.57067649381415,166.43063964201107,193.21071334561725,2.3942006269592477,-0.2587617554858929,0.4871921182266012
1709915464.6453292,-0.37514224523880324,-2.56708803702193,108.70624369959677,134.40779359879033,150.6678269909274,224.92797340556507,215.7112780103423,220.76902240827386,-3.0453812316715534,-1.1724780058651028,0.037771560236997834
1709915464.8451302,0.16596891813117862,-2.9334695513265157,133.51399739583334,147.01174444901315,161.91568153782896,183.75880541047275,219.71916432302132,234.70885228338022,-0.0031578947368419135,-1.1217862838915467,-2.754618689581096
1709915465.0458708,0.8394630383005086,-3.0169882293646735,148.9609832763672,142.28462982177734,135.08358764648438,192.8157204198474,188.93451812977102,190.56345419847344,-0.6452698863636362,-0.47937500000000005,-0.08649553571428575
1709915465.2456393,1.5050758617967308,-2.8328447309781666,139.61962890625,139.49287109375,142.17119140625,208.3880638445524,221.7981956974324,195.6166551006245,0.785074380165289,0.8318842975206612,-0.4157328385899815
1709915465.4453886,2.031709158715568,-2.439605395208519,132.50009155273438,129.75411987304688,139.9738006591797,209.63358778625962,193.05689408396947,205.61438454198472,-2.012826704545455,-1.2513210227272729,-0.10640943877551014
1709915465.6460052,2.3567097107248207,-1.8959007638692957,128.2615234375,125.1435546875,145.12412109375,198.75780707841773,195.4578764746704,194.6351145038168,-0.9361157024793383,-1.0084462809917356,1.2792578849721707
1709915465.8456655,2.488926973873561,-1.2464024360614463,126.66414642333984,143.17354583740234,149.41509246826172,226.97173187022898,211.62857824427482,198.99379770992368,0.050951704545454723,0.5254687499999998,2.246795280612244
1709915466.0453866,2.478501990297021,-0.5326264735956286,139.39327687230605,144.7413119612069,152.86925848599137,187.9656488549618,191.94366938668068,188.6374045801527,0.18485893416927882,1.3665047021943575,0.7610661505981704
1709915466.2452648,2.3802901567089627,0.19302199789556104,128.34189453125,137.12138671875,133.12568359375,196.74975711311583,181.6495489243581,194.8488549618321,0.718644628099174,0.438314049586777,2.16178107606679
1709915466.4451172,2.213965415231777,0.863379115356136,153.51528635332662,142.48860414566533,145.88036321824598,177.11672001969959,185.13309529672492,189.48214725437086,2.0223900293255137,2.451041055718475,2.331155365371955
1709915466.6458104,1.9588700160208667,1.4062330569732762,132.4467053022541,133.09220511014345,128.45836001536884,189.4727818796146,187.72907020397952,185.60367913903136,-0.1483457526080478,0.26648286140089406,-0.04250585480093683
1709915466.845479,1.5900621017992254,1.753838724662975,141.62085774739583,133.5371826171875,127.3663330078125,185.0676844783715,199.01793893129764,195.68244274809152,0.44828787878787885,-0.6154393939393934,0.10146258503401337
1709915467.0451708,1.1031324434951304,1.8349347008663202,144.78142132675438,140.90528200383773,140.9865080180921,190.7693852952993,201.76228739788405,214.07888040712464,-0.5342424242424244,0.8440988835725678,-0.9069638381668453
1709915467.2458217,0.5098074869872175,1.5857732164632192,132.81979896282328,133.94411705280172,132.09201575969828,203.54685443537775,212.82784943406153,218.85746249012888,1.5322100313479625,-1.039231974921629,-1.0664848698099931
1709915467.4456692,-0.16185071005825655,1.002452206618017,135.97048950195312,136.74929809570312,142.48319244384766,221.63048664122144,234.46898854961833,213.07192270992374,0.3367045454545454,-0.017286931818181802,-0.45127551020408185
1709915467.645819,-0.8515305272908107,0.16759689667293604,131.46629146107455,141.76164165296052,136.61217619243422,197.930092406589,201.1566894335074,211.5376992098567,-0.4020255183413082,-1.0609569377990427,0.21312209094163984
1709915467.8455558,-1.4659091206029005,-0.7779749051686146,135.06539542214912,133.65053625274123,136.33617735745614,191.32476228739787,189.5580554439534,182.3061470470068,0.9425039872408294,-0.027432216905901037,0.7781238811313996
1709915468.0453775,-1.9070445932569617,-1.6708800756791427,137.11658135775863,138.19700464709052,139.9649279364224,186.7104501184522,204.56922874440633,188.0313240326401,0.6603291536050161,0.5171003134796239,1.11164672765658
1709915468.2452452,-2.1085128886648508,-2.351171793849558,137.56144205729166,134.54573567708334,113.65242513020833,189.5442979412445,190.67626648160996,172.79088595882487,0.9066666666666672,1.3418870523415984,1.7810296846011129
1709915468.446053,-2.054007444548639,-2.6908947943495236,126.4797127016129,125.03497511340726,130.48897429435485,185.41529180004926,198.22666830829843,189.10391529180006,1.216950146627566,0.9600146627565985,1.1813857801184986
1709915468.645902,-1.772156932499112,-2.622163232706226,139.85185546875,138.640234375,145.19912109375,204.6606523247745,180.86467730742535,197.622345593338,-1.7322148760330576,-0.2118512396694214,1.1503153988868269
1709915468.8455935,-1.3250577058360518,-2.158820052879309,132.25389837449598,128.0960653981855,142.66004599294354,204.49409012558473,226.94336370352133,220.7655749815316,-1.3941788856304982,-0.5377272727272726,0.37218564845292934
1709915469.0453103,-0.7993059698473512,-1.40116829401709,132.46380722313597,145.44630619517545,145.66067879660088,214.1285656890317,201.34726128297848,205.40752644971212,-0.27717703349282313,0.1033971291866028,0.4458288578589327
1709915469.2459793,-0.2892605357349729,-0.5058231683474375,148.29716796875,137.03564453125,149.07529296875,198.51783483691872,200.34323386537125,202.10187369882024,0.1949090909090909,0.6453884297520662,-0.009146567717996393
1709915469.4457383,0.11781696284606569,0.36905858279902426,154.68339431117957,159.78396649427816,151.03838853433098,207.46489624771525,192.65218793678096,196.24352220191375,0.6836619718309856,1.1078745198463509,1.7941075021557915
1709915469.6454356,0.34561177515961006,1.104402952663679,131.68562979068398,148.1690098024764,135.04945459905662,196.6776609534783,200.0299582313121,188.7969177588939,0.19440823327615772,0.10174957118353364,0.21869464767038885
1709915469.8452368,0.34589606079789,1.627399203864162,134.90479303175402,128.69996692288308,124.298095703125,166.95801526717557,174.79044570302884,184.3151933021423,0.28005865102639294,0.9382991202346044,1.8014976958525346
1709915470.046059,0.12960336703613773,1.8958848674818447,129.7672339267418,135.18173668032787,126.74815093493852,185.59967463396322,182.5741459141534,202.34538856213237,2.227064083457526,1.8370491803278697,0.18842422214787566
1709915470.2458527,-0.22877363987809252,1.8861260406124463,135.26031901041668,123.51552734375,133.50791015625,197.01539440203553,198.63206106870223,211.17480916030536,1.5909393939393939,0.41116666666666657,0.36459183673469403
1709915470.4458568,-0.620813534656335,1.602795020363426,134.60819284539474,137.02914268092104,131.51547937225877,201.81143698942006,206.35168072853898,188.87893397616187,0.678070175438597,1.609984051036683,0.7584854994629425
1709915470.6456044,-0.9371820169050683,1.0852139227267523,140.75090680803572,134.62431117466517,136.84065464564733,200.1030534351145,204.30275354416582,207.18211559432936,1.5233279220779217,-0.41577922077922064,-0.8018403790087465
1709915470.8454256,-1.0990264744068452,0.38435322029249264,154.84176815257354,156.26834644990808,142.9707821116728,208.9150202065559,207.8395823978446,193.2121688370005,-0.5169117647058821,-1.319893048128342,-3.1302521008403366
1709915471.045409,-1.0889124323151138,-0.4516290043676775,135.8449578536184,136.35153680098685,138.0007452713816,210.7024239989286,206.65006026516676,194.52136065354225,-0.9231419457735249,-0.6519776714513557,-0.24396706050841396
1709915471.2452786,-0.9508318611345045,-1.3571874273344329,140.90992592865567,132.8290647110849,150.14891656839623,207.84977675356475,215.90205962840275,208.83220509866058,-0.4577701543739278,0.2858833619210977,-0.26124374278013085
1709915471.4452398,-0.7507781042345398,-2.2336345770013883,133.5430908203125,132.45057678222656,134.74210357666016,198.64241412213738,203.296875,191.81500477099226,-0.4329119318181818,-0.8801420454545449,-0.06466836734693898
1709915471.6460683,-0.5346265855064947,-2.9660317472191258,132.45243467133622,124.55887156519397,126.20020373114224,200.30126349039224,187.81521453013954,189.04738088970782,0.3257680250783699,-0.06626959247648898,0.7545038705137226
1709915471.8457165,-0.3143567449722188,-3.4547503551459133,123.22203063964844,126.12796020507812,132.68858337402344,192.96004293893134,205.35639312977096,218.59864026717557,-0.2686789772727272,0.12413352272727271,0.999314413265306
1709915472.0454564,-0.08488153794920515,-3.6357416564585066,140.23489091981133,141.60360775353774,132.90132112323113,191.9903499927985,175.0115223966585,170.192424024197,0.34701543739279606,0.7795197255574614,0.6112437427801309
1709915472.245612,0.1520464142590202,-3.48113537162068,125.84852255544355,135.85798891129033,152.21305601058467,212.82959862102933,214.43843880817528,198.65230238857424,0.6311876832844576,1.5986803519061588,2.609545753785384
1709915472.4455206,0.3821874832084177,-2.994399220316453,152.66812896728516,155.24801635742188,146.41995239257812,185.77731393129773,188.59208015267174,191.38489980916026,1.963494318181819,2.4519176136363634,2.7890625000000018
1709915472.6452553,0.5825544782756474,-2.2194011723049525,140.20604641154662,142.50769663665255,138.27600304555085,175.17156165092504,189.65338336136625,195.0765946435503,-1.152989214175655,-0.07380585516178743,0.46765824974057413
1709915472.8451912,0.7131184235986985,-1.257449874335595,139.5878669984879,137.16255827872985,121.21084299395162,180.99138143314457,186.47562176803746,188.99150455552814,0.83633431085044,1.0669354838709675,-0.7066984858459516
1709915473.0459268,0.7076460572803431,-0.2644543203962392,141.76396484375,144.8150390625,139.11630859375,196.25537820957675,207.27314365024284,208.70603747397644,0.2645950413223142,-0.4912396694214874,0.5807792207792206
1709915473.2456303,0.4986461449084811,0.5855332877508522,139.9592156661184,141.73883806195175,136.96468955592104,201.32382482924868,195.93678853622603,201.57238516137664,0.020047846889951718,1.6013556618819778,-0.8674543501611165
1709915473.4453564,0.07066031834249639,1.1533374725087915,129.04385785914178,132.0852597364739,147.0130524137127,213.90064942463255,234.23379286772246,240.44195055258055,0.19936227951153315,-0.6075440976933515,-0.6822723119098384
1709915473.6460712,-0.5150839614604298,1.37460102728456,141.95660293311403,132.27242667214912,141.14038514254386,187.635462702558,188.77286728271062,201.78840230346864,1.4147368421052637,-0.08971291866028702,0.1763694951664875
1709915473.845782,-1.14362940801935,1.2685828393469667,143.30821572580646,141.8114998109879,134.61977854082662,194.15513420339815,189.43560699335137,185.5279487810884,0.5760117302052782,0.31853372434017585,0.8681369321922316
1709915474.0455601,-1.6828426238515695,0.9187008228504049,117.59407552083333,125.5282341452206,130.69838579963235,207.29351893429128,195.37659033078882,201.65993114803177,0.20894830659536545,0.2811051693404636,1.4814125650260104
1709915474.245334,-2.0106634282560245,0.4429813365498391,143.75806905455508,143.55469577595338,133.23391154661016,203.97658170526586,197.6443265622979,189.60163022383233,0.5690138674884438,1.3449460708782746,1.5428744379107575
1709915474.4452398,-2.03594071298396,-0.027047115410248842,140.99275453629033,135.19708448840726,137.27439831149192,197.92538783550853,192.3927604038414,180.87527702536326,0.8906011730205279,0.2384017595307914,1.8113396971691906
1709915474.6460001,-1.7228721857383442,-0.3588595480929714,131.00165385584677,127.12355090725806,127.83149571572581,197.9538291061315,178.6670770746122,189.45900024624478,-0.2404545454545454,1.7479178885630495,1.6109447004608295
1709915474.8457074,-1.1087879294217098,-0.44357597272403976,138.58363428655662,140.90779775943398,143.79379790683961,215.49474290652455,206.52066829900616,207.87815065533633,-0.977598627787307,-0.6390909090909085,-0.021871390065460315
1709915475.045526,-0.3011220756890074,-0.23500210342421496,129.29637235753677,132.82407513786765,139.75436580882354,193.9736192186798,196.92669510552304,223.70835204310723,-0.29434491978609634,0.10001336898395724,0.31454081632653047
1709915475.245429,0.5391944444311071,0.2351022667519833,142.302734375,136.74033203125,136.75283203125,199.94989590562105,202.55447605829292,187.68563497571134,0.34793388429752137,0.6972892561983474,0.4620408163265309
1709915475.4451506,1.2308836177431444,0.8829912640249284,150.31324005126953,160.71075439453125,160.8579559326172,218.30725190839686,207.917461832061,203.73043893129764,0.10177556818181806,0.4115056818181819,0.9001275510204082
1709915475.645883,1.6281272271390008,1.606705375482386,140.67802734375,135.16259765625,136.54169921875,183.4371963913948,196.13435114503812,194.1189451769604,1.278479338842975,1.5727768595041325,-0.1763636363636362
1709915475.8455632,1.6709879641712457,2.3064406058574307,146.2345955141129,134.25445753528226,126.31164944556451,188.8227037675449,184.5789214479192,179.03902979561684,0.655806451612903,-0.46699413489736114,-0.09175444371296926
1709915476.045193,1.394673267045396,2.8967131895424503,141.57820076778017,131.46526468211206,122.92791116648706,182.00526454330083,191.74717030797584,199.37075546196374,1.415329153605016,1.0156426332288404,0.4302076002814918
1709915476.2459974,0.8990425250465383,3.3098713752913103,128.93374583760246,126.01556896772541,125.60269915471312,192.18958828682264,196.45551245150796,183.59329245401076,0.9218479880774963,0.06846497764530586,0.9931415189026425
1709915476.4458907,0.30727565388465194,3.498278600618153,128.7075784617457,131.22652882543105,138.4811169854526,185.79836799157673,189.34153724664378,198.9932877072913,1.7407680250783697,0.49926332288401254,0.7246657283603093
1709915476.6456988,-0.26265235783096086,3.447697687386829,133.15771484375,137.76526521381578,129.74207613760964,202.09602249899552,186.71688763894463,200.77929556716217,0.3897926634768738,0.059888357256778206,0.46376655925528115
1709915476.8456008,-0.7093578346050833,3.1897732004188835,140.998046875,132.61337890625,145.296875,212.36696738376122,206.76169326856345,195.44330326162387,-2.050809917355372,-1.7267438016528918,0.053747680890537906
1709915477.0452561,-0.9596663962253229,2.785597174484156,136.10179036458334,133.47550455729166,136.54777018229166,204.61755725190827,218.9030534351145,213.36832061068696,-1.1675454545454542,-0.7762727272727273,-0.1740986394557823
1709915477.2452576,-0.9856721130895476,2.289864748014427,154.3506496263587,147.59739441802537,158.54882104846016,222.19194601172694,207.73227126894562,190.5613452815577,-0.28,0.46284584980237164,0.35536823425022146
1709915477.4460542,-0.8062100667003571,1.7412796715414691,125.85478515625,127.771484375,132.28603515625,172.25079805690496,157.21387925052048,202.44330326162387,-0.6849421487603302,-0.01603305785123959,2.4150092764378472
1709915477.6458597,-0.47403734016117494,1.1807814384074884,125.23681640625,127.19490559895833,115.20621744791667,178.0668517233402,171.6682859125608,182.59669211195933,1.2229476584022037,-1.0528787878787877,0.6422541743970315
1709915477.8456078,-0.06195472760946665,0.6643582902603549,159.35673828125,172.5123046875,153.68984375,198.90215128383065,198.47647467036785,187.85857043719642,1.842231404958677,4.145057851239669,4.94582560296846
1709915478.0452993,0.36163488910063607,0.2642705389483491,145.66569272933467,154.12066059727823,158.3552482358871,208.97217434129524,202.4817778872198,201.58569317901987,2.417624633431086,1.2148387096774196,0.34868334430546405
1709915478.2452044,0.753980845890782,0.05718085078599312,140.50928561970338,130.82174423993644,131.89751059322035,183.0960020701255,188.57109587268724,199.1142450511062,1.2735747303543912,2.647704160246534,1.1137495676236593
1709915478.4460425,1.08792399343919,0.08115030323255774,146.49861653645834,161.7488525390625,141.63446451822918,204.65534351145035,216.33587786259542,237.90788804071246,3.3848787878787885,1.8749090909090909,2.9972789115646257
1709915478.6457286,1.3422918477792845,0.2788706831932274,161.33663841985887,169.38236359627015,167.9319083921371,228.1557498153164,222.1451612903226,227.59886727407044,-0.7068328445747804,-1.0242375366568914,-1.8381665569453587
1709915478.845414,1.5096081627596434,0.5027897388319379,179.29361979166666,166.90661381740196,113.22758693321079,204.14548720251457,245.146235593474,243.56653195629397,0.16798573975044576,-0.5916399286987521,-3.7513805522208883
1709915479.0451825,1.5773185497506381,0.5957999074193925,154.13641457479508,129.20978483606558,148.17485271516392,193.14791640595675,199.44575147040428,187.69478162933288,1.22070044709389,-0.26123695976155004,1.8667280026764808
1709915479.2460556,1.5245207511153605,0.4608764298018587,127.16292317708333,129.57470703125,117.30257161458333,188.0405968077724,221.4803377284294,196.45789960675452,-0.49495867768595003,-0.6378925619834711,0.811440940012369
1709915479.445703,1.380604559377366,0.0869040594372161,118.3402099609375,123.86285807291667,129.16394856770833,201.15877862595414,216.976844783715,204.5184478371502,-0.7791363636363638,0.4125454545454547,0.18671768707483044
1709915479.6455615,1.2425018010270314,-0.4451695990497729,123.47080078125,130.38154296875,147.68056640625,200.3585010409438,177.1319916724497,181.33046495489248,-0.6532727272727271,-0.21651239669421493,1.3785714285714283
1709915479.8455925,1.207660186135557,-0.9904829183707656,130.84712587553878,139.8848245554957,143.13063207165948,186.0643590418531,189.40800210581733,182.10094761779416,0.7495768025078368,1.0343260188087775,0.20606966924700917
1709915480.0455132,1.3207723666637552,-1.3991141315889972,138.85205078125,147.45003255208334,155.61897786458334,223.53920888272026,206.53920888272032,197.15648854961827,-0.7107300275482095,1.1434986225895314,2.211719233147804
1709915480.2453976,1.5765045321555193,-1.566562041519224,133.543359375,137.18212890625,140.34453125,200.29340735600277,175.60471894517698,199.53046495489252,1.2441487603305788,1.776066115702479,2.7932282003710576
1709915480.4453893,1.9340767094968014,-1.4601365314848322,138.96673177083332,147.72564290364582,141.55371907552083,185.97417302798982,179.6545801526717,186.93409669211195,2.235257575757576,2.395136363636363,1.5991836734693885
1709915480.6460905,2.3114391645807055,-1.1145902224892856,139.38463320974577,143.22496524099577,136.28942664194915,191.2485444430068,187.0521412860654,192.6222020960021,-0.18323574730354397,-0.14955315870570104,0.8583016257350395
1709915480.845839,2.5925779285942316,-0.6084758398598354,135.99651692708332,133.7821044921875,132.06424967447916,189.98206106870228,196.64096692111963,197.7512722646311,0.32049999999999984,0.004833333333333216,-1.0868027210884352
1709915481.0456357,2.6709217864836217,-0.056999300062916765,138.46039318647541,132.44873046875,125.82987000512296,193.7335752721812,174.84720310349144,209.78988862470283,1.1297317436661698,0.10625931445603598,-0.03188357310137194
1709915481.2455308,2.4846500969211274,0.3915357204135832,143.74127604166668,133.98745930989583,127.1289306640625,201.01908396946558,214.65203562340963,215.69910941475828,0.2067878787878788,0.41307575757575776,-0.7603401360544219
1709915481.4452662,2.0285259577574823,0.5968718785004782,146.2653117629717,141.34903817806602,148.74219671285377,192.24773152815789,193.28489125738153,194.97061788852082,2.1112864493996573,0.3698799313893653,-0.21391990758567572
1709915481.6461172,1.3585879747106602,0.48308280120758723,139.13540649414062,129.96963500976562,146.76680755615234,216.02146946564892,221.63167938931298,225.06309637404578,-0.049318181818181976,-1.2220170454545451,-0.84859693877551
1709915481.8459265,0.5829345983733063,0.05988719134396252,132.8265869140625,132.23487141927083,143.31642252604166,198.44770992366415,197.46437659033077,200.19987277353684,-0.2939696969696971,0.17690909090909096,0.7086054421768705
1709915482.045757,-0.16515610338572148,-0.5888124541757122,140.93842690677965,135.85354872881356,137.37375033103814,182.68844611204554,191.66903868547027,190.93543796092635,0.768952234206472,0.07043143297380595,1.1826184711172605
1709915482.2455409,-0.7623393363060148,-1.3191750435109788,128.14908599853516,123.97834777832031,120.1859359741211,177.67807729007632,183.33647423664118,176.16125954198466,-0.23025568181818182,0.829346590909091,2.043702168367347
1709915482.4453106,-1.1275900263250707,-1.9471352438111162,135.22183630601415,121.5861493956368,150.10422501474056,208.05386720437855,185.70041768687884,204.67823707331127,1.017804459691252,1.3849571183533451,1.8698305737389294
1709915482.645976,-1.2410890106553445,-2.295495047418072,121.00460815429688,134.1022720336914,125.55929565429688,191.42223282442745,186.95169370229004,192.94477576335873,0.9410937500000004,0.7218181818181819,0.6581154336734693
1709915482.8456688,-1.1448192895890628,-2.252279580542106,128.88805338541667,132.93660481770834,142.98583170572917,220.31730279898218,208.452544529262,215.68575063613224,-2.223242424242424,-0.7263636363636367,0.03814625850340149
1709915483.045454,-0.9298923312011277,-1.8061199292141337,147.01797427771226,152.48625442216982,147.27801628832546,175.7198617312401,192.3881607374333,194.20481060060493,0.7591423670668952,0.6827272727272726,0.6026761648055445
1709915483.2460713,-0.7074972685749152,-1.0455972334487695,137.31819928278688,140.57818903688525,143.06456518954917,231.8004004505068,208.55499937429607,211.23789262920783,-0.864187779433681,0.14770491803278707,1.139662094345935
1709915483.4457154,-0.567344024778021,-0.11826014595309353,155.35887096774192,160.63311176915323,159.54841072328628,212.0721497168185,207.96466387589265,201.2245752277764,1.082360703812317,1.0528739002932554,1.8642527978933512
1709915483.6454518,-0.5525686771420333,0.8259668606938602,148.01571950604838,146.8530509702621,134.14746881300402,187.46749569071662,182.84018714602317,189.78355084954444,0.37598240469208233,0.35043988269794707,-0.2242429229756417
1709915483.8452153,-0.6621429085379109,1.6718652650208183,132.08146926591982,130.66927697523585,133.63320865271226,189.5707907244707,189.42388016707469,197.79432521964574,1.1353344768439109,1.7462264150943396,0.8164998074701575
1709915484.0456676,-0.863854341686237,2.3492533829828215,132.1949462890625,126.52273559570312,101.10009002685547,166.7674141221374,183.851979961832,184.07609732824434,1.8878693181818187,1.2552556818181821,0.9556919642857143
1709915484.2455375,-1.1039717447266713,2.8138332351071202,130.8836630544355,135.5146720640121,126.17529296875,184.9415168677666,197.0987441516867,201.340925880325,1.9924046920821115,1.7252932551319655,-0.04094799210006579
1709915484.4454389,-1.315211439370999,3.0251426306219424,141.3809504104873,128.4650175450212,135.16249834480934,198.96752490619744,211.44727649113725,216.30948376245314,1.6592604006163334,-0.05636363636363612,1.0502421307506051
1709915484.6454463,-1.4326792282114993,2.956173567165369,146.10721919221697,146.18190779775944,128.5740437057783,188.52786979691777,186.42243986749241,193.9727783378943,1.7741166380789029,1.430445969125215,-0.49503273007316173
1709915484.84516,-1.41604315519054,2.603378662836597,133.32135994203628,136.8923576108871,140.78882623487902,216.78699827628662,217.60440778133466,222.53866042846593,-1.755410557184751,-2.1467008797653957,-0.4204081632653062
1709915485.0460095,-1.2678145595962367,1.9716976571122757,158.5322265625,147.55729166666666,137.39518229166666,206.84258616701356,201.0263705759889,197.91695581771918,-0.24265840220385723,-1.0516804407713496,-0.6140847247990106
1709915485.2457209,-1.03655763143987,1.074951388673913,139.77996356670673,136.4990516075721,130.87809870793268,216.4638872577804,212.0124779800352,220.98399882560187,-0.38772727272727275,-0.4181643356643357,-0.12639324960753545
1709915485.4455163,-0.7940759022401191,-0.03373618301251212,140.54825721153847,142.46268028846154,136.35029296875,199.63123899001766,194.4119788608339,182.368291250734,0.14681118881118888,0.5639440559440558,0.6687912087912086
